,precision,recall,f1-score,support
Heat Dissipation Failure,0.6785714285714286,0.7916666666666666,0.7307692307692307,24.0
No Failure,0.991779497098646,0.9642689233662435,0.9778307508939214,2127.0
Overstrain Failure,0.5161290322580645,0.9411764705882353,0.6666666666666666,17.0
Power Failure,0.5517241379310345,0.7619047619047619,0.64,21.0
Random Failures,0.0,0.0,0.0,4.0
Tool Wear Failure,0.029411764705882353,0.125,0.047619047619047616,8.0
accuracy,0.955474784189005,0.955474784189005,0.955474784189005,0.955474784189005
macro avg,0.461269310094176,0.5973361370876512,0.510480949324811,2201.0
weighted avg,0.975191458054121,0.955474784189005,0.9643520010922845,2201.0
