,precision,recall,f1-score,support
Heat Dissipation Failure,0.2376237623762376,1.0,0.384,24.0
No Failure,0.9954233409610984,0.8180535966149506,0.8980645161290323,2127.0
Overstrain Failure,0.37777777777777777,1.0,0.5483870967741935,17.0
Power Failure,0.34146341463414637,0.6666666666666666,0.45161290322580644,21.0
Random Failures,0.0,0.0,0.0,4.0
Tool Wear Failure,0.03968253968253968,0.625,0.07462686567164178,8.0
accuracy,0.817810086324398,0.817810086324398,0.817810086324398,0.817810086324398
macro avg,0.33199513923863333,0.6849533772136028,0.39278189696677895,2201.0
weighted avg,0.9708672561418836,0.817810086324398,0.8808735539957873,2201.0
